{"cameraMode":{"drawMode":0,"name":"Shaded","section":"Shading Mode"},"sceneLighting":false,"audioPlay":false,"sceneViewState":{"showFog":true,"showMaterialUpdate":true,"showSkybox":true,"showFlares":true,"showImageEffects":true,"showParticleSystems":true},"in2DMode":false,"pivot":{"x":17.880508422851564,"y":25.031494140625,"z":10.660883903503418},"rotation":{"x":0.04234076663851738,"y":0.29922470450401308,"z":-0.013305841945111752,"w":0.9531499147415161},"size":228.41990661621095,"orthographic":false}