{"cameraMode":{"drawMode":0,"name":"Shaded","section":"Shading Mode"},"sceneLighting":false,"audioPlay":false,"sceneViewState":{"showFog":false,"showMaterialUpdate":false,"showSkybox":true,"showFlares":false,"showImageEffects":false,"showParticleSystems":false},"in2DMode":false,"pivot":{"x":-67.71207427978516,"y":11.235301971435547,"z":0.9340188503265381},"rotation":{"x":-0.19124895334243775,"y":-0.7179930210113525,"z":0.21695533394813538,"w":-0.6331793665885925},"size":4.3842339515686039,"orthographic":false}