{"cameraMode":{"drawMode":0,"name":"Shaded","section":"Shading Mode"},"sceneLighting":false,"audioPlay":false,"sceneViewState":{"showFog":true,"showMaterialUpdate":true,"showSkybox":true,"showFlares":true,"showImageEffects":true,"showParticleSystems":true},"in2DMode":false,"pivot":{"x":20.69159698486328,"y":6.539679527282715,"z":-15.746017456054688},"rotation":{"x":0.07863207161426544,"y":-0.542275071144104,"z":0.05106879025697708,"w":0.8349538445472717},"size":118.36627197265625,"orthographic":false}