{"cameraMode":{"drawMode":0,"name":"Shaded","section":"Shading Mode"},"sceneLighting":true,"audioPlay":false,"sceneViewState":{"showFog":false,"showMaterialUpdate":false,"showSkybox":true,"showFlares":false,"showImageEffects":false,"showParticleSystems":false},"in2DMode":false,"pivot":{"x":-44.82619094848633,"y":-9.950678825378418,"z":-8.965718269348145},"rotation":{"x":-0.018071744590997697,"y":-0.28457552194595339,"z":0.005519749131053686,"w":-0.958523690700531},"size":3.2666170597076418,"orthographic":false}