{"cameraMode":{"drawMode":0,"name":"Shaded","section":"Shading Mode"},"sceneLighting":false,"audioPlay":false,"sceneViewState":{"showFog":false,"showMaterialUpdate":false,"showSkybox":true,"showFlares":false,"showImageEffects":false,"showParticleSystems":false},"in2DMode":false,"pivot":{"x":-41.09000015258789,"y":-8.81686782836914,"z":36.79242706298828},"rotation":{"x":-0.04021390527486801,"y":-0.7345144748687744,"z":0.044076304882764819,"w":-0.6760972738265991},"size":95.43553924560547,"orthographic":false}