{"cameraMode":{"drawMode":0,"name":"Shaded","section":"Shading Mode"},"sceneLighting":true,"audioPlay":false,"sceneViewState":{"showFog":false,"showMaterialUpdate":false,"showSkybox":true,"showFlares":false,"showImageEffects":false,"showParticleSystems":false},"in2DMode":false,"pivot":{"x":-36.782447814941409,"y":1.6915373802185059,"z":-8.11622428894043},"rotation":{"x":-0.098506860435009,"y":0.32454201579093935,"z":-0.03399299085140228,"w":-0.9401134848594666},"size":11.365296363830567,"orthographic":false}