{"cameraMode":{"drawMode":0,"name":"Shaded","section":"Shading Mode"},"sceneLighting":true,"audioPlay":false,"sceneViewState":{"showFog":false,"showMaterialUpdate":false,"showSkybox":true,"showFlares":false,"showImageEffects":false,"showParticleSystems":false},"in2DMode":false,"pivot":{"x":-37.546302795410159,"y":1.2438132762908936,"z":-10.457265853881836},"rotation":{"x":0.08039562404155731,"y":0.5742044448852539,"z":-0.056989267468452457,"w":0.8128928542137146},"size":9.387726783752442,"orthographic":false}